INSERT INTO users (id, username, first_name, last_name, email, hashed_password) VALUES
('00000000-0000-0000-0000-000000000001', 'alex', 'Alex', 'Ivanov', 'alex@example.com', '$2b$12$alexhash'),
('00000000-0000-0000-0000-000000000002', 'maria', 'Maria', 'Petrova', 'maria@example.com', '$2b$12$mariahash'),
('00000000-0000-0000-0000-000000000003', 'denis', 'Denis', 'Sokolov', 'denis@example.com', '$2b$12$denishash'),
('00000000-0000-0000-0000-000000000004', 'olga', 'Olga', 'Smirnova', 'olga@example.com', '$2b$12$olgahash'),
('00000000-0000-0000-0000-000000000005', 'ivan', 'Ivan', 'Volkov', 'ivan@example.com', '$2b$12$ivanhash'),
('00000000-0000-0000-0000-000000000006', 'anna', 'Anna', 'Popova', 'anna@example.com', '$2b$12$annahash'),
('00000000-0000-0000-0000-000000000007', 'nikita', 'Nikita', 'Fedorov', 'nikita@example.com', '$2b$12$nikitahash'),
('00000000-0000-0000-0000-000000000008', 'sveta', 'Svetlana', 'Morozova', 'sveta@example.com', '$2b$12$svetahash'),
('00000000-0000-0000-0000-000000000009', 'roman', 'Roman', 'Lebedev', 'roman@example.com', '$2b$12$romanhash'),
('00000000-0000-0000-0000-000000000010', 'elena', 'Elena', 'Kuznetsova', 'elena@example.com', '$2b$12$elenahash')
ON CONFLICT (id) DO NOTHING;

INSERT INTO exercises (id, name, description, muscle_group) VALUES
('10000000-0000-0000-0000-000000000001', 'Bench Press', 'Chest strength exercise', 'Chest'),
('10000000-0000-0000-0000-000000000002', 'Squat', 'Leg compound exercise', 'Legs'),
('10000000-0000-0000-0000-000000000003', 'Deadlift', 'Posterior chain strength exercise', 'Back'),
('10000000-0000-0000-0000-000000000004', 'Pull Up', 'Bodyweight vertical pull', 'Back'),
('10000000-0000-0000-0000-000000000005', 'Shoulder Press', 'Overhead press for shoulders', 'Shoulders'),
('10000000-0000-0000-0000-000000000006', 'Barbell Row', 'Horizontal pull for lats', 'Back'),
('10000000-0000-0000-0000-000000000007', 'Lunge', 'Single-leg exercise', 'Legs'),
('10000000-0000-0000-0000-000000000008', 'Plank', 'Core stability exercise', 'Core'),
('10000000-0000-0000-0000-000000000009', 'Biceps Curl', 'Isolation movement for biceps', 'Arms'),
('10000000-0000-0000-0000-000000000010', 'Triceps Pushdown', 'Cable exercise for triceps', 'Arms')
ON CONFLICT (id) DO NOTHING;

INSERT INTO workouts (id, user_id, name, workout_date) VALUES
('20000000-0000-0000-0000-000000000001', '00000000-0000-0000-0000-000000000001', 'Upper Body A', '2026-01-10'),
('20000000-0000-0000-0000-000000000002', '00000000-0000-0000-0000-000000000002', 'Leg Day A', '2026-01-11'),
('20000000-0000-0000-0000-000000000003', '00000000-0000-0000-0000-000000000003', 'Back Focus', '2026-01-12'),
('20000000-0000-0000-0000-000000000004', '00000000-0000-0000-0000-000000000004', 'Push Session', '2026-01-13'),
('20000000-0000-0000-0000-000000000005', '00000000-0000-0000-0000-000000000005', 'Pull Session', '2026-01-14'),
('20000000-0000-0000-0000-000000000006', '00000000-0000-0000-0000-000000000006', 'Core Stability', '2026-01-15'),
('20000000-0000-0000-0000-000000000007', '00000000-0000-0000-0000-000000000007', 'Upper Body B', '2026-01-16'),
('20000000-0000-0000-0000-000000000008', '00000000-0000-0000-0000-000000000008', 'Leg Day B', '2026-01-17'),
('20000000-0000-0000-0000-000000000009', '00000000-0000-0000-0000-000000000009', 'Arm Blast', '2026-01-18'),
('20000000-0000-0000-0000-000000000010', '00000000-0000-0000-0000-000000000010', 'Full Body', '2026-01-19')
ON CONFLICT (id) DO NOTHING;

INSERT INTO workout_exercises (workout_id, exercise_id, sets, reps, weight) VALUES
('20000000-0000-0000-0000-000000000001', '10000000-0000-0000-0000-000000000001', 4, 8, 80),
('20000000-0000-0000-0000-000000000002', '10000000-0000-0000-0000-000000000002', 5, 5, 110),
('20000000-0000-0000-0000-000000000003', '10000000-0000-0000-0000-000000000003', 4, 6, 120),
('20000000-0000-0000-0000-000000000004', '10000000-0000-0000-0000-000000000005', 4, 10, 45),
('20000000-0000-0000-0000-000000000005', '10000000-0000-0000-0000-000000000004', 4, 8, 0),
('20000000-0000-0000-0000-000000000006', '10000000-0000-0000-0000-000000000008', 3, 60, 0),
('20000000-0000-0000-0000-000000000007', '10000000-0000-0000-0000-000000000006', 4, 10, 70),
('20000000-0000-0000-0000-000000000008', '10000000-0000-0000-0000-000000000007', 3, 12, 20),
('20000000-0000-0000-0000-000000000009', '10000000-0000-0000-0000-000000000009', 4, 12, 15),
('20000000-0000-0000-0000-000000000010', '10000000-0000-0000-0000-000000000010', 4, 12, 25)
ON CONFLICT DO NOTHING;
